{"BoardSize":3,"FlatCells":[0,0,2,0,1,0,0,1,2],"IsGameInProgress":true,"CurrentMark":1,"PlayerMark":1,"ReactionTimes":[6.616824150085449,2.133018970489502],"TotalScore":599}