{"BoardSize":3,"FlatCells":[0,2,0,0,1,1,2,0,0],"IsGameInProgress":true,"CurrentMark":1,"PlayerMark":1,"ReactionTimes":[3.5573692321777345,2.1923675537109377],"TotalScore":900}