{"BoardSize":3,"FlatCells":[0,2,2,0,1,0,0,1,0],"IsGameInProgress":true,"CurrentMark":1,"PlayerMark":1,"ReactionTimes":[0.5994266867637634,0.9896090030670166],"TotalScore":0}